{
    "ASH": 0.006999999999999999,
    "CALCIUM": 5e-05,
    "CARB": 0.23,
    "CAROTENE": 8e-08,
    "COPPER": 1.01e-06,
    "ENERGY": 4100.32,
    "FAT": 0.0029,
    "FIBER": 0.017,
    "FOLIC_ACID": 1.4e-07,
    "IODINE": 0.0,
    "IRON": 0.0,
    "MAGNESIUM": 0.00028000000000000003,
    "MANGANESE": 2.5800000000000003e-06,
    "NIACIN": 6.62e-06,
    "PHOSPHORUS": 0.00021999999999999998,
    "POTASSIUM": 0.0032600000000000003,
    "PROTEIN": 0.0074,
    "SELENIUM": 0.0,
    "SODIUM": 0.0,
    "VITAMIN_A": 1e-08,
    "VITAMIN_B1": 5.6e-07,
    "VITAMIN_B2": 0.0,
    "VITAMIN_B6": 2.09e-06,
    "VITAMIN_C": 0.000123,
    "ZINC": 1.6000000000000001e-06,
    "__name__": "Bananas, ripe and slightly ripe, raw"
}