{
    "ENERGY": 4050.0,
    "PROTEIN": 0.013999999999999999,
    "FAT": 0.002,
    "ASH": 0.006,
    "CARB": 0.22,
    "CAROTENE": 6e-07,
    "VITAMIN_B1": 2.0000000000000002e-07,
    "RIBOFLAVIN": 4.0000000000000003e-07,
    "NIACIN": 7e-06,
    "VITAMIN_C": 8e-05,
    "CALCIUM": 7.000000000000001e-05,
    "PHOSPHORUS": 0.00028000000000000003,
    "POTASSIUM": 0.00256,
    "SODIUM": 8e-06,
    "MAGNESIUM": 0.00043000000000000004,
    "IRON": 4e-06,
    "ZINC": 1.8e-06,
    "SELENIUM": 9e-09,
    "COPPER": 1.4000000000000001e-06,
    "MANGANESE": 6.5000000000000004e-06
}