{
    "ASH": 0.012,
    "CALCIUM": 0.00053,
    "CHOLESTEROL": 0.00099,
    "COPPER": 6e-07,
    "ENERGY": 4360.0,
    "FAT": 0.036000000000000004,
    "IRON": 1.4e-05,
    "MAGNESIUM": 0.00023,
    "MANGANESE": 9e-07,
    "NIACIN": 2.5e-05,
    "PHOSPHORUS": 0.0019,
    "POTASSIUM": 0.0027700000000000003,
    "PROTEIN": 0.17800000000000002,
    "SELENIUM": 1.57e-07,
    "SODIUM": 0.000575,
    "VITAMIN_A": 2e-07,
    "VITAMIN_B1": 3e-07,
    "VITAMIN_B2": 7.000000000000001e-07,
    "ZINC": 1.17e-05,
    "__name__": "鲢鱼[白鲢，胖子，连子鱼]"
}