{
    "ASH": 0.0109,
    "CALCIUM": 4e-05,
    "CARB": 0.0085,
    "CHOLESTEROL": 0.00059,
    "COPPER": 5.5e-07,
    "ENERGY": 5899.44,
    "FAT": 0.057,
    "IRON": 1.9e-05,
    "MAGNESIUM": 0.000221,
    "MANGANESE": 3.0000000000000004e-08,
    "PHOSPHORUS": 0.00192,
    "POTASSIUM": 0.0035199999999999997,
    "PROTEIN": 0.215,
    "SODIUM": 0.00046,
    "ZINC": 3.78e-05,
    "__name__": "Beef, round, top round, boneless, choice, raw"
}