{
    "ASH": 0.003,
    "CALCIUM": 9e-05,
    "CARB": 0.028999999999999998,
    "CAROTENE": 2e-07,
    "COPPER": 1e-06,
    "ENERGY": 890.0,
    "FAT": 0.001,
    "IRON": 5.999999999999999e-06,
    "MAGNESIUM": 0.00018,
    "MANGANESE": 1e-06,
    "NIACIN": 5e-06,
    "PHOSPHORUS": 0.00037,
    "POTASSIUM": 0.00068,
    "PROTEIN": 0.021,
    "SELENIUM": 5e-09,
    "SODIUM": 4.4000000000000006e-05,
    "VITAMIN_B1": 5e-07,
    "VITAMIN_B2": 6e-07,
    "VITAMIN_C": 6e-05,
    "ZINC": 3.5e-06,
    "__name__": "绿豆芽"
}