{
    "ASH": 0.004,
    "CALCIUM": 6e-05,
    "CARB": 0.0665,
    "COPPER": 4.0000000000000003e-07,
    "ENERGY": 1297.04,
    "FAT": 0.0013,
    "FIBER": 0.012,
    "FOLIC_ACID": 4.6999999999999995e-07,
    "IRON": 3.5e-06,
    "MAGNESIUM": 0.00010999999999999999,
    "MANGANESE": 1.33e-06,
    "NIACIN": 1.02e-05,
    "PHOSPHORUS": 0.00027,
    "POTASSIUM": 0.00213,
    "PROTEIN": 0.009000000000000001,
    "SELENIUM": 0.0,
    "SODIUM": 0.0,
    "VITAMIN_B1": 5.5e-07,
    "VITAMIN_B2": 1.4199999999999997e-06,
    "VITAMIN_B6": 3.03e-06,
    "VITAMIN_C": 0.0014200000000000003,
    "ZINC": 2e-06,
    "__name__": "Peppers, bell, red, raw"
}