{
    "ASH": 0.013999999999999999,
    "CALCIUM": 0.00066,
    "CARB": 0.045,
    "CAROTENE": 2.9199999999999998e-05,
    "COPPER": 1e-06,
    "ENERGY": 1320.0,
    "FAT": 0.003,
    "IRON": 2.8999999999999997e-05,
    "MAGNESIUM": 0.00058,
    "MANGANESE": 6.6e-06,
    "NIACIN": 5.999999999999999e-06,
    "PHOSPHORUS": 0.00047,
    "POTASSIUM": 0.00311,
    "PROTEIN": 0.026000000000000002,
    "SELENIUM": 1e-08,
    "SODIUM": 0.000852,
    "VITAMIN_B1": 4.0000000000000003e-07,
    "VITAMIN_B2": 1.1e-06,
    "VITAMIN_C": 0.00032,
    "ZINC": 8.5e-06,
    "__name__": "菠菜[赤根菜](鲜)"
}