{
    "ASH": 0.0069,
    "CALCIUM": 0.00062,
    "CARB": 0.0351,
    "COPPER": 2.8e-07,
    "ENERGY": 836.8,
    "FAT": 0.0023,
    "FIBER": 0.013000000000000001,
    "IRON": 4.4e-06,
    "MAGNESIUM": 0.000136,
    "MANGANESE": 1.9600000000000003e-06,
    "PHOSPHORUS": 0.00031,
    "POTASSIUM": 0.00228,
    "PROTEIN": 0.0102,
    "SODIUM": 0.00014000000000000001,
    "ZINC": 2.7e-06,
    "__name__": "Cabbage, bok choy, raw"
}