{
    "ENERGY": 1650.0,
    "PROTEIN": 0.040999999999999995,
    "FAT": 0.006,
    "ASH": 0.006999999999999999,
    "CARB": 0.043,
    "CAROTENE": 7.209999999999999e-05,
    "VITAMIN_B1": 9e-07,
    "RIBOFLAVIN": 1.3000000000000003e-06,
    "NIACIN": 9e-06,
    "VITAMIN_C": 0.00051,
    "CALCIUM": 0.00067,
    "PHOSPHORUS": 0.00072,
    "POTASSIUM": 0.00017,
    "SODIUM": 0.00018800000000000002,
    "MAGNESIUM": 0.00017,
    "IRON": 1e-05,
    "ZINC": 7.800000000000002e-06,
    "SELENIUM": 7e-09,
    "COPPER": 3e-07,
    "MANGANESE": 2.4e-06
}