{
    "ASH": 0.0083,
    "CALCIUM": 0.00046,
    "CARB": 0.06269999999999999,
    "CAROTENE": 9.3e-07,
    "COPPER": 5.9e-07,
    "ENERGY": 1631.76,
    "FAT": 0.0034000000000000002,
    "FIBER": 0.024,
    "FOLIC_ACID": 6.499999999999999e-07,
    "IRON": 6.9e-06,
    "MAGNESIUM": 0.00021,
    "MANGANESE": 1.97e-06,
    "NIACIN": 6.390000000000001e-06,
    "PHOSPHORUS": 0.00067,
    "POTASSIUM": 0.0030299999999999997,
    "PROTEIN": 0.025699999999999997,
    "RIBOFLAVIN": 1.14e-06,
    "SELENIUM": 1.5999999999999998e-08,
    "SODIUM": 0.00036,
    "VITAMIN_A": 8e-08,
    "VITAMIN_B1": 7.7e-07,
    "VITAMIN_B5": 6.1e-06,
    "VITAMIN_B6": 1.91e-06,
    "VITAMIN_C": 0.000913,
    "VITAMIN_E": 1.4999999999999998e-06,
    "ZINC": 4.2000000000000004e-06
}