{
    "ASH": 0.005600000000000001,
    "CALCIUM": 0.00042,
    "CARB": 0.0638,
    "COPPER": 0.0,
    "ENERGY": 1297.04,
    "FAT": 0.0023,
    "IRON": 7.000000000000001e-07,
    "MAGNESIUM": 0.00013900000000000002,
    "MANGANESE": 2.48e-06,
    "PHOSPHORUS": 0.00027,
    "POTASSIUM": 0.0020700000000000002,
    "PROTEIN": 0.0096,
    "SODIUM": 0.00016,
    "VITAMIN_B6": 1.3800000000000001e-06,
    "VITAMIN_C": 0.00040299999999999993,
    "ZINC": 2.1000000000000002e-06,
    "__name__": "Cabbage, green, raw"
}