{
    "ENERGY": 36960.0,
    "FAT": 0.9990000000000001,
    "CARB": 0.0,
    "CALCIUM": 9e-05,
    "PHOSPHORUS": 9e-05,
    "POTASSIUM": 2e-05,
    "SODIUM": 7.000000000000001e-05,
    "MAGNESIUM": 3e-05,
    "IRON": 3.7000000000000005e-05,
    "ZINC": 5.4e-06,
    "COPPER": 1.8e-06,
    "MANGANESE": 1.1e-06
}