{
    "ENERGY": 1740.0,
    "PROTEIN": 0.01,
    "FAT": 0.002,
    "ASH": 0.008,
    "CARB": 0.08800000000000001,
    "CAROTENE": 4.13e-05,
    "VITAMIN_B1": 4.0000000000000003e-07,
    "RIBOFLAVIN": 3e-07,
    "NIACIN": 5.999999999999999e-06,
    "VITAMIN_C": 0.00013000000000000002,
    "CALCIUM": 0.00032,
    "PHOSPHORUS": 0.00027,
    "POTASSIUM": 0.0019,
    "SODIUM": 0.000714,
    "MAGNESIUM": 0.00014000000000000001,
    "IRON": 1e-05,
    "ZINC": 2.3e-06,
    "SELENIUM": 6e-09,
    "COPPER": 8.000000000000001e-07,
    "MANGANESE": 2.4e-06
}