{
    "ASH": 0.0072,
    "CALCIUM": 0.0003,
    "CARB": 0.10300000000000001,
    "COPPER": 6.1e-07,
    "ENERGY": 2008.32,
    "FAT": 0.0034999999999999996,
    "FIBER": 0.031,
    "FOLIC_ACID": 3.7e-07,
    "IRON": 1.4999999999999998e-06,
    "MAGNESIUM": 0.000124,
    "MANGANESE": 1.3000000000000003e-06,
    "NIACIN": 1.41e-05,
    "PHOSPHORUS": 0.0004,
    "POTASSIUM": 0.0028000000000000004,
    "PROTEIN": 0.009399999999999999,
    "RIBOFLAVIN": 9.5e-07,
    "SELENIUM": 0.0,
    "SODIUM": 0.0008700000000000001,
    "VITAMIN_B1": 6.500000000000001e-07,
    "VITAMIN_B6": 1.46e-06,
    "ZINC": 2.4e-06
}