{
    "ASH": 0.0083,
    "CALCIUM": 0.00046,
    "CARB": 0.0332,
    "COPPER": 0.0,
    "ENERGY": 711.28,
    "FAT": 0.0016,
    "IRON": 0.0,
    "MAGNESIUM": 0.00010899999999999999,
    "MANGANESE": 7.6e-07,
    "PHOSPHORUS": 0.00021999999999999998,
    "POTASSIUM": 0.00265,
    "PROTEIN": 0.0049,
    "SELENIUM": 0.0,
    "SODIUM": 0.00097,
    "VITAMIN_B6": 5.2e-07,
    "ZINC": 9e-07
}