{
    "ASH": 0.0096,
    "CALCIUM": 6e-05,
    "CARB": 0.0,
    "CHOLESTEROL": 0.00092,
    "COPPER": 4.2000000000000006e-07,
    "ENERGY": 6024.96,
    "FAT": 0.07919999999999999,
    "IRON": 5.999999999999999e-06,
    "MAGNESIUM": 0.00021799999999999999,
    "MANGANESE": 0.0,
    "PHOSPHORUS": 0.00178,
    "POTASSIUM": 0.00272,
    "PROTEIN": 0.18600000000000003,
    "SODIUM": 0.00062,
    "ZINC": 1.3500000000000001e-05,
    "__name__": "Chicken, thigh, boneless, skinless, raw"
}