{
    "ASH": 0.009000000000000001,
    "CALCIUM": 0.00054,
    "CARB": 0.006,
    "CHOLESTEROL": 0.00194,
    "COPPER": 2.7e-06,
    "ENERGY": 7170.0,
    "FAT": 0.11800000000000001,
    "IRON": 4.7000000000000004e-05,
    "MAGNESIUM": 0.00010999999999999999,
    "MANGANESE": 4.0000000000000003e-07,
    "NIACIN": 0.000115,
    "PHOSPHORUS": 0.0017599999999999998,
    "POTASSIUM": 0.0022,
    "PROTEIN": 0.159,
    "SELENIUM": 4.0999999999999997e-08,
    "SODIUM": 0.0010840000000000001,
    "VITAMIN_A": 9.1e-06,
    "VITAMIN_B1": 4.6e-06,
    "VITAMIN_B2": 2.6000000000000005e-06,
    "ZINC": 1.9399999999999997e-05,
    "__name__": "鸡心"
}