{
    "ENERGY": 5570.0,
    "PROTEIN": 0.19399999999999998,
    "FAT": 0.05,
    "CHOLESTEROL": 0.00082,
    "ASH": 0.011000000000000001,
    "CARB": 0.025,
    "VITAMIN_A": 1.6e-07,
    "VITAMIN_B1": 7.000000000000001e-07,
    "RIBOFLAVIN": 1.3000000000000003e-06,
    "NIACIN": 0.00010800000000000001,
    "CALCIUM": 3e-05,
    "PHOSPHORUS": 0.00214,
    "POTASSIUM": 0.00338,
    "SODIUM": 0.000344,
    "MAGNESIUM": 0.00028000000000000003,
    "IRON": 5.999999999999999e-06,
    "ZINC": 5.1e-06,
    "SELENIUM": 1.05e-07,
    "COPPER": 6e-07,
    "MANGANESE": 1.0000000000000001e-07
}