{
    "ASH": 0.0113,
    "CALCIUM": 4e-05,
    "CARB": -0.0037,
    "CHOLESTEROL": 0.00073,
    "COPPER": 4e-08,
    "ENERGY": 4435.04,
    "FAT": 0.019299999999999998,
    "IRON": 3.5e-06,
    "MAGNESIUM": 0.000262,
    "MANGANESE": 0.0,
    "PHOSPHORUS": 0.00215,
    "POTASSIUM": 0.0033,
    "PROTEIN": 0.225,
    "SODIUM": 0.00066,
    "ZINC": 6.5000000000000004e-06
}