{
    "ASH": 0.007986577181208054,
    "CALCIUM": 4.026845637583893e-05,
    "CARB": 0.0,
    "CHOLESTEROL": 0.000778523489932886,
    "COPPER": 2.953020134228188e-07,
    "ENERGY": 4436.724832214765,
    "FAT": 0.021744966442953022,
    "IRON": 3.2885906040268454e-06,
    "MAGNESIUM": 0.00021476510067114095,
    "MANGANESE": 8.053691275167787e-08,
    "NIACIN": 6.342281879194632e-05,
    "PHOSPHORUS": 0.00161744966442953,
    "POTASSIUM": 0.002302013422818792,
    "PROTEIN": 0.21543624161073827,
    "SELENIUM": 2.1409395973154363e-07,
    "SODIUM": 0.00031543624161073825,
    "VITAMIN_B1": 6.577181208053692e-07,
    "VITAMIN_B12": 1.3422818791946306e-09,
    "VITAMIN_B2": 1.2550335570469798e-06,
    "VITAMIN_B5": 1.0604026845637584e-05,
    "VITAMIN_B6": 6.181208053691275e-06,
    "VITAMIN_E": 2.214765100671141e-06,
    "ZINC": 6.442953020134228e-06,
    "__name__": "Chicken, broiler or fryers, breast, skinless, boneless, meat only, cooked, braised"
}