{
    "ASH": 0.0038,
    "CALCIUM": 0.00016,
    "CARB": 0.029500000000000002,
    "COPPER": 6.3e-07,
    "ENERGY": 669.44,
    "FAT": 0.0018,
    "IRON": 0.0,
    "MAGNESIUM": 0.000101,
    "MANGANESE": 8.5e-07,
    "PHOSPHORUS": 0.00023,
    "POTASSIUM": 0.0017000000000000001,
    "PROTEIN": 0.0062,
    "SODIUM": 2e-05,
    "ZINC": 2e-06
}