{
    "ASH": 0.0085,
    "CALCIUM": 0.00048,
    "CARB": 0.0096,
    "CAROTENE": 0.0,
    "CHOLESTEROL": 0.00411,
    "CHOLINE": 0.00335,
    "COPPER": 0.0,
    "ENERGY": 5983.12,
    "FAT": 0.09960000000000001,
    "FIBER": 0.0,
    "FOLIC_ACID": 7.099999999999999e-07,
    "IODINE": 4.91e-07,
    "IRON": 1.67e-05,
    "MAGNESIUM": 0.000114,
    "MANGANESE": 0.0,
    "NIACIN": 0.0,
    "PHOSPHORUS": 0.00184,
    "POTASSIUM": 0.00132,
    "PROTEIN": 0.124,
    "RIBOFLAVIN": 4.19e-06,
    "SELENIUM": 3.1099999999999997e-07,
    "SODIUM": 0.0012900000000000001,
    "VITAMIN_A": 1.8e-06,
    "VITAMIN_B1": 7.7e-07,
    "VITAMIN_B12": 1.02e-08,
    "VITAMIN_B6": 6.3e-07,
    "VITAMIN_D": 2.46e-08,
    "ZINC": 1.24e-05
}