{
    "ASH": 0.0052,
    "CALCIUM": 0.00010999999999999999,
    "CARB": 0.054000000000000006,
    "COPPER": 6.1e-07,
    "ENERGY": 1087.84,
    "FAT": 0.0012,
    "FIBER": 0.024,
    "IRON": 0.0,
    "MAGNESIUM": 0.000135,
    "MANGANESE": 1.06e-06,
    "PHOSPHORUS": 0.00023,
    "POTASSIUM": 0.00222,
    "PROTEIN": 0.0085,
    "SODIUM": 0.0,
    "ZINC": 1.2e-06,
    "__name__": "Eggplant, raw"
}