{
    "ASH": 0.005,
    "CALCIUM": 0.00042,
    "CARB": 0.057999999999999996,
    "CAROTENE": 1.2e-06,
    "COPPER": 1.1e-06,
    "ENERGY": 1520.0,
    "FAT": 0.002,
    "IRON": 1e-05,
    "MAGNESIUM": 0.00043000000000000004,
    "MANGANESE": 3.900000000000001e-06,
    "NIACIN": 8e-06,
    "PHOSPHORUS": 0.0005,
    "POTASSIUM": 0.00145,
    "PROTEIN": 0.027000000000000003,
    "SELENIUM": 1.4e-08,
    "SODIUM": 4.6e-05,
    "VITAMIN_B1": 7.000000000000001e-07,
    "VITAMIN_B2": 7.000000000000001e-07,
    "VITAMIN_C": 0.00018,
    "ZINC": 9.4e-06,
    "__name__": "豇豆(长)"
}