{
    "ENERGY": 740.0,
    "PROTEIN": 0.013999999999999999,
    "FAT": 0.004,
    "ASH": 0.004,
    "CARB": 0.021,
    "CAROTENE": 3.6e-06,
    "RIBOFLAVIN": 1e-06,
    "NIACIN": 2e-06,
    "VITAMIN_C": 0.0002,
    "CALCIUM": 0.0007000000000000001,
    "PHOSPHORUS": 0.00031,
    "POTASSIUM": 0.001,
    "SODIUM": 0.0008,
    "MAGNESIUM": 0.00029,
    "IRON": 1.1999999999999999e-05,
    "ZINC": 4.2999999999999995e-06,
    "SELENIUM": 1.5999999999999998e-08,
    "COPPER": 8.000000000000001e-07,
    "MANGANESE": 1.4999999999999998e-06
}