{
    "ASH": 0.006,
    "CALCIUM": 0.00036,
    "CARB": 0.05,
    "CAROTENE": 2e-07,
    "COPPER": 4.0000000000000003e-07,
    "ENERGY": 1040.0,
    "FAT": 0.001,
    "IRON": 5e-06,
    "MAGNESIUM": 0.00016,
    "MANGANESE": 9e-07,
    "NIACIN": 2.9999999999999997e-06,
    "PHOSPHORUS": 0.00026000000000000003,
    "POTASSIUM": 0.0017300000000000002,
    "PROTEIN": 0.009000000000000001,
    "SELENIUM": 6e-09,
    "SODIUM": 0.0006180000000000001,
    "VITAMIN_B1": 2.0000000000000002e-07,
    "VITAMIN_B2": 3e-07,
    "VITAMIN_C": 0.00021,
    "ZINC": 2.9999999999999997e-06,
    "__name__": "白萝卜[莱菔](鲜)"
}