{
    "ASH": 0.005,
    "CALCIUM": 0.00035000000000000005,
    "CARB": 0.0,
    "CHOLESTEROL": 0.00094,
    "COPPER": 0.000115,
    "ENERGY": 2410.0,
    "FAT": 0.015,
    "IRON": 5e-05,
    "MAGNESIUM": 0.0001,
    "MANGANESE": 2.9999999999999997e-06,
    "NIACIN": 1.5e-05,
    "PHOSPHORUS": 0.001,
    "POTASSIUM": 0.00375,
    "PROTEIN": 0.109,
    "SELENIUM": 4.14e-07,
    "SODIUM": 0.0027,
    "VITAMIN_B1": 4.0000000000000003e-07,
    "VITAMIN_B2": 1.3000000000000003e-06,
    "ZINC": 0.000712,
    "__name__": "生蚝"
}