{
    "ASH": 0.01,
    "CALCIUM": 0.00012,
    "CARB": 0.011000000000000001,
    "CHOLESTEROL": 0.00151,
    "COPPER": 3.7e-06,
    "ENERGY": 4970.0,
    "FAT": 0.053,
    "IRON": 4.3e-05,
    "MAGNESIUM": 0.00017,
    "MANGANESE": 5e-07,
    "NIACIN": 6.8e-05,
    "PHOSPHORUS": 0.00189,
    "POTASSIUM": 0.0026,
    "PROTEIN": 0.166,
    "SELENIUM": 1.49e-07,
    "SODIUM": 0.000712,
    "VITAMIN_A": 1.3e-07,
    "VITAMIN_B1": 1.9e-06,
    "VITAMIN_B2": 4.8e-06,
    "VITAMIN_C": 4e-05,
    "ZINC": 1.9e-05,
    "__name__": "猪心"
}