{
    "ASH": 0.01,
    "CALCIUM": 6e-05,
    "CARB": 0.015,
    "CHOLESTEROL": 0.0008100000000000001,
    "COPPER": 1.1e-06,
    "ENERGY": 6000.0,
    "FAT": 0.062,
    "IRON": 3e-05,
    "MAGNESIUM": 0.00025,
    "MANGANESE": 3e-07,
    "NIACIN": 5.3e-05,
    "PHOSPHORUS": 0.00189,
    "POTASSIUM": 0.0030499999999999998,
    "PROTEIN": 0.203,
    "SELENIUM": 9.499999999999999e-08,
    "SODIUM": 0.000575,
    "VITAMIN_A": 4.3999999999999997e-07,
    "VITAMIN_B1": 5.4e-06,
    "VITAMIN_B2": 1e-06,
    "ZINC": 2.9900000000000005e-05,
    "__name__": "猪肉(瘦)"
}