{
    "ASH": 0.008,
    "CALCIUM": 0.00013000000000000002,
    "CARB": 0.017,
    "CHOLESTEROL": 0.00158,
    "COPPER": 1.8e-06,
    "ENERGY": 9660.0,
    "FAT": 0.18100000000000002,
    "IRON": 2.8e-05,
    "MAGNESIUM": 0.00014000000000000001,
    "MANGANESE": 4.0000000000000003e-07,
    "NIACIN": 4.6e-05,
    "PHOSPHORUS": 0.0016300000000000002,
    "POTASSIUM": 0.00216,
    "PROTEIN": 0.157,
    "SELENIUM": 1.1699999999999998e-07,
    "SODIUM": 0.0007940000000000001,
    "VITAMIN_A": 1.5e-07,
    "VITAMIN_B1": 1.3000000000000003e-06,
    "VITAMIN_B2": 2.9999999999999997e-06,
    "ZINC": 2.1200000000000004e-05,
    "__name__": "猪舌[口条]"
}