{
    "ASH": 0.015,
    "CALCIUM": 6e-05,
    "CARB": 0.05,
    "CHOLESTEROL": 0.00288,
    "COPPER": 6.5000000000000004e-06,
    "ENERGY": 5430.0,
    "FAT": 0.035,
    "IRON": 0.00022600000000000002,
    "MAGNESIUM": 0.00024,
    "MANGANESE": 2.6000000000000005e-06,
    "NIACIN": 0.00015,
    "PHOSPHORUS": 0.0031,
    "POTASSIUM": 0.00235,
    "PROTEIN": 0.193,
    "SELENIUM": 1.92e-07,
    "SODIUM": 0.000686,
    "VITAMIN_A": 4.972e-05,
    "VITAMIN_B1": 2.1000000000000002e-06,
    "VITAMIN_B2": 2.0800000000000004e-05,
    "VITAMIN_C": 0.0002,
    "ZINC": 5.78e-05,
    "__name__": "猪肝"
}