{
    "ASH": 0.0089,
    "CALCIUM": 6e-05,
    "CARB": 0.16,
    "COPPER": 1.3000000000000003e-06,
    "ENERGY": 3054.32,
    "FAT": 0.0026,
    "IRON": 3.7e-06,
    "MAGNESIUM": 0.000223,
    "MANGANESE": 1.6000000000000001e-06,
    "NIACIN": 1.58e-05,
    "PHOSPHORUS": 0.00057,
    "POTASSIUM": 0.00446,
    "PROTEIN": 0.0181,
    "SELENIUM": 0.0,
    "SODIUM": 2e-05,
    "VITAMIN_B1": 5.1e-07,
    "VITAMIN_B6": 1.45e-06,
    "VITAMIN_C": 0.00023300000000000003,
    "ZINC": 3.7e-06,
    "__name__": "Potatoes, gold, without skin, raw"
}