{
    "ASH": 0.004,
    "CALCIUM": 0.00016,
    "CARB": 0.053,
    "CAROTENE": 8.9e-06,
    "COPPER": 3e-07,
    "ENERGY": 1060.0,
    "FAT": 0.001,
    "IRON": 4e-06,
    "MAGNESIUM": 8e-05,
    "MANGANESE": 8.000000000000001e-07,
    "NIACIN": 4e-06,
    "PHOSPHORUS": 0.00024,
    "POTASSIUM": 0.00145,
    "PROTEIN": 0.006999999999999999,
    "SELENIUM": 5e-09,
    "SODIUM": 8e-06,
    "VITAMIN_B1": 3e-07,
    "VITAMIN_B2": 4.0000000000000003e-07,
    "VITAMIN_C": 8e-05,
    "ZINC": 1.4000000000000001e-06,
    "__name__": "南瓜[倭瓜，番瓜](鲜)"
}