{
    "ENERGY": 0.0,
    "ASH": 0.9990000000000001,
    "CARB": 0.0,
    "CALCIUM": 0.00021999999999999998,
    "POTASSIUM": 0.00014000000000000001,
    "SODIUM": 0.39311,
    "MAGNESIUM": 2e-05,
    "IRON": 1e-05,
    "ZINC": 2.4e-06,
    "SELENIUM": 1e-08,
    "COPPER": 1.4000000000000001e-06,
    "MANGANESE": 2.9e-06
}