{
    "ASH": 0.006999999999999999,
    "CALCIUM": 0.00016,
    "CARB": 0.124,
    "CAROTENE": 2e-07,
    "COPPER": 2.4e-06,
    "ENERGY": 2510.0,
    "FAT": 0.002,
    "IRON": 2.9999999999999997e-06,
    "MAGNESIUM": 0.0002,
    "MANGANESE": 1.2e-06,
    "NIACIN": 2.9999999999999997e-06,
    "PHOSPHORUS": 0.00034,
    "POTASSIUM": 0.00213,
    "PROTEIN": 0.019,
    "SELENIUM": 6e-09,
    "SODIUM": 0.00018600000000000002,
    "VITAMIN_B1": 5e-07,
    "VITAMIN_B2": 2.0000000000000002e-07,
    "VITAMIN_C": 5e-05,
    "ZINC": 2.7e-06,
    "__name__": "山药[薯蓣，大薯](鲜)"
}