{
    "ASH": 0.003,
    "CALCIUM": 0.00014000000000000001,
    "CARB": 0.042,
    "CAROTENE": 9e-07,
    "COPPER": 6e-07,
    "ENERGY": 960.0,
    "FAT": 0.002,
    "IRON": 4e-06,
    "MAGNESIUM": 0.00010999999999999999,
    "MANGANESE": 6e-07,
    "NIACIN": 4e-06,
    "PHOSPHORUS": 0.00029,
    "POTASSIUM": 0.00115,
    "PROTEIN": 0.01,
    "SELENIUM": 9e-09,
    "SODIUM": 2.6000000000000002e-05,
    "VITAMIN_B1": 2.0000000000000002e-07,
    "VITAMIN_B2": 4.0000000000000003e-07,
    "VITAMIN_C": 5e-05,
    "ZINC": 2.1000000000000002e-06,
    "__name__": "丝瓜"
}