{
    "ASH": 0.0064,
    "CALCIUM": 0.00101,
    "CARB": 0.0129,
    "CAROTENE": 0.0,
    "COPPER": 1.08e-06,
    "ENERGY": 1589.92,
    "FAT": 0.0212,
    "FIBER": 0.0,
    "FOLIC_ACID": 2e-07,
    "IODINE": 0.0,
    "IRON": 5.4e-06,
    "MAGNESIUM": 0.00021500000000000002,
    "MANGANESE": 2.08e-06,
    "NIACIN": 2.36e-06,
    "PHOSPHORUS": 0.0006900000000000001,
    "POTASSIUM": 0.00158,
    "PROTEIN": 0.0355,
    "RIBOFLAVIN": 8.400000000000001e-07,
    "SELENIUM": 1.8999999999999998e-08,
    "SODIUM": 0.00034,
    "VITAMIN_A": 5.8e-07,
    "VITAMIN_B1": 6.3e-07,
    "VITAMIN_B12": 3.899999999999999e-09,
    "VITAMIN_B6": 5.5e-07,
    "VITAMIN_D": 6.8000000000000005e-09,
    "VITAMIN_E": 1.6000000000000001e-06,
    "ZINC": 3.1e-06
}