{
    "ENERGY": 17680.0,
    "PROTEIN": 0.35,
    "FAT": 0.16,
    "ASH": 0.046,
    "CARB": 0.342,
    "CAROTENE": 2.1999999999999997e-06,
    "VITAMIN_B1": 4.1e-06,
    "RIBOFLAVIN": 2e-06,
    "NIACIN": 2.1000000000000002e-05,
    "CALCIUM": 0.00191,
    "PHOSPHORUS": 0.0046500000000000005,
    "POTASSIUM": 0.015030000000000002,
    "SODIUM": 2.2000000000000003e-05,
    "MAGNESIUM": 0.00199,
    "IRON": 8.199999999999999e-05,
    "ZINC": 3.34e-05,
    "SELENIUM": 6.2e-08,
    "COPPER": 1.3500000000000001e-05,
    "MANGANESE": 2.2599999999999997e-05
}