{
    "ASH": 0.018000000000000002,
    "CALCIUM": 0.00135,
    "CARB": 0.105,
    "CAROTENE": 1.2999999999999998e-06,
    "COPPER": 5.4e-06,
    "ENERGY": 5860.0,
    "FAT": 0.05,
    "IRON": 3.5000000000000004e-05,
    "MAGNESIUM": 0.0007000000000000001,
    "MANGANESE": 1.1999999999999999e-05,
    "NIACIN": 1.4e-05,
    "PHOSPHORUS": 0.00188,
    "POTASSIUM": 0.00478,
    "PROTEIN": 0.131,
    "SELENIUM": 2.5e-08,
    "SODIUM": 3.9e-05,
    "VITAMIN_B1": 1.4999999999999998e-06,
    "VITAMIN_B2": 7.000000000000001e-07,
    "VITAMIN_C": 0.00027,
    "ZINC": 1.73e-05,
    "__name__": "毛豆[青豆，菜用大豆](鲜)"
}