{
    "ASH": 0.0118,
    "CALCIUM": 0.00021999999999999998,
    "CARB": 0.17300000000000001,
    "COPPER": 1.8699999999999999e-06,
    "ENERGY": 3305.36,
    "FAT": 0.0038,
    "IRON": 4e-06,
    "MAGNESIUM": 0.00019100000000000003,
    "MANGANESE": 4.17e-06,
    "NIACIN": 4.32e-06,
    "PHOSPHORUS": 0.00037,
    "POTASSIUM": 0.00486,
    "PROTEIN": 0.0158,
    "SELENIUM": 0.0,
    "SODIUM": 0.0,
    "VITAMIN_B1": 4.5e-07,
    "VITAMIN_B6": 1.24e-06,
    "VITAMIN_C": 0.00014800000000000002,
    "ZINC": 3.4e-06,
    "__name__": "Sweet potatoes, orange flesh, without skin, raw"
}