{
    "ENERGY": 4460.0,
    "PROTEIN": 0.011000000000000001,
    "FAT": 0.002,
    "ASH": 0.006,
    "CARB": 0.247,
    "CAROTENE": 7.5e-06,
    "VITAMIN_B1": 4.0000000000000003e-07,
    "RIBOFLAVIN": 4.0000000000000003e-07,
    "NIACIN": 5.999999999999999e-06,
    "VITAMIN_C": 0.00026000000000000003,
    "CALCIUM": 0.00023,
    "PHOSPHORUS": 0.00039,
    "POTASSIUM": 0.0013,
    "SODIUM": 0.000285,
    "MAGNESIUM": 0.00012,
    "IRON": 5e-06,
    "ZINC": 1.4999999999999998e-06,
    "SELENIUM": 5e-09,
    "COPPER": 1.8e-06,
    "MANGANESE": 1.1e-06
}