{
    "ASH": 0.01,
    "CALCIUM": 0.0013800000000000002,
    "CARB": 0.02,
    "CAROTENE": 3e-07,
    "COPPER": 2.2e-06,
    "ENERGY": 4190.0,
    "FAT": 0.048,
    "IRON": 2.5e-05,
    "MAGNESIUM": 0.00063,
    "MANGANESE": 6.9e-06,
    "NIACIN": 2.9999999999999997e-06,
    "PHOSPHORUS": 0.00158,
    "POTASSIUM": 0.00106,
    "PROTEIN": 0.122,
    "SELENIUM": 1.5999999999999998e-08,
    "SODIUM": 7.3e-05,
    "VITAMIN_B1": 5e-07,
    "VITAMIN_B2": 3e-07,
    "ZINC": 6.300000000000001e-06,
    "__name__": "豆腐(北)"
}