{
    "ASH": 0.005,
    "CALCIUM": 0.0001,
    "CARB": 0.04,
    "CAROTENE": 5.499999999999999e-06,
    "COPPER": 6e-07,
    "ENERGY": 910.0,
    "FAT": 0.002,
    "IRON": 4e-06,
    "MAGNESIUM": 9e-05,
    "MANGANESE": 8.000000000000001e-07,
    "NIACIN": 5.999999999999999e-06,
    "PHOSPHORUS": 0.00023,
    "POTASSIUM": 0.0016300000000000002,
    "PROTEIN": 0.009000000000000001,
    "SELENIUM": 1.9999999999999997e-09,
    "SODIUM": 5e-05,
    "VITAMIN_B1": 3e-07,
    "VITAMIN_B2": 3e-07,
    "VITAMIN_C": 0.00018999999999999998,
    "ZINC": 1.3000000000000003e-06,
    "__name__": "番茄[西红柿]"
}