{
    "ASH": 0.006999999999999999,
    "CALCIUM": 6e-05,
    "CARB": 0.040999999999999995,
    "CAROTENE": 1e-07,
    "COPPER": 4.9e-06,
    "ENERGY": 1190.0,
    "FAT": 0.001,
    "IRON": 1.1999999999999999e-05,
    "MAGNESIUM": 0.00010999999999999999,
    "MANGANESE": 1.1e-06,
    "NIACIN": 4e-05,
    "PHOSPHORUS": 0.00094,
    "POTASSIUM": 0.00312,
    "PROTEIN": 0.027000000000000003,
    "SELENIUM": 6e-09,
    "SODIUM": 8.3e-05,
    "VITAMIN_B1": 8.000000000000001e-07,
    "VITAMIN_B2": 3.5e-06,
    "VITAMIN_C": 2e-05,
    "ZINC": 9.2e-06,
    "__name__": "蘑菇(鲜蘑)"
}