{
    "ASH": 0.002,
    "CALCIUM": 0.00018999999999999998,
    "CARB": 0.026000000000000002,
    "CAROTENE": 8e-07,
    "COPPER": 7.000000000000001e-07,
    "ENERGY": 580.0,
    "FAT": 0.002,
    "IRON": 2e-06,
    "MAGNESIUM": 8e-05,
    "MANGANESE": 3e-07,
    "NIACIN": 2.9999999999999997e-06,
    "PHOSPHORUS": 0.00012,
    "POTASSIUM": 0.00078,
    "PROTEIN": 0.004,
    "SELENIUM": 1.9999999999999997e-09,
    "SODIUM": 1.8e-05,
    "VITAMIN_B1": 1.0000000000000001e-07,
    "VITAMIN_B2": 1.0000000000000001e-07,
    "VITAMIN_C": 0.00018,
    "ZINC": 7.000000000000001e-07,
    "__name__": "冬瓜"
}