{
    "ASH": 0.0054,
    "CALCIUM": 0.00021,
    "COPPER": 6.4e-07,
    "FAT": 0.002,
    "FIBER": 0.008,
    "IRON": 1.9e-06,
    "MAGNESIUM": 0.000153,
    "MANGANESE": 1.49e-06,
    "PHOSPHORUS": 0.00033,
    "POTASSIUM": 0.00226,
    "PROTEIN": 0.0098,
    "SODIUM": 0.0,
    "ZINC": 2.6000000000000005e-06,
    "__name__": "Squash, summer, green, zucchini, includes skin, raw"
}